math score,reading score,writing score,gender,race/ethnicity,parental level of education,lunch
[67.61707503],[66.0204196],[63.66565095],1,0,2,1
[44.02501013],[57.38630158],[55.28208437],0,3,5,0
[59.06762692],[57.19872473],[53.09988748],1,4,4,0
[76.57797343],[74.28009337],[71.56992662],1,1,2,1
[77.50717447],[70.96767488],[70.01999612],1,4,0,1
[66.18964531],[75.7151167],[75.99427565],0,3,2,1
[57.46429497],[62.03656689],[62.44114016],0,0,1,1
[91.79018955],[86.61188976],[85.14644322],1,4,4,1
[65.19050534],[60.53139948],[60.05601193],1,3,2,1
[47.15814341],[45.35475546],[42.2402405],1,2,4,0
[94.47098399],[85.58431806],[85.39730742],1,4,4,1
[80.07136357],[87.66942489],[88.77678757],0,3,2,1
[83.45913467],[84.87542931],[83.77813642],1,3,0,1
[75.87938507],[73.74758888],[72.21605525],1,2,2,1
[85.78356909],[85.32930483],[83.81217065],1,4,5,1
[66.03573508],[61.18834962],[58.47631018],1,4,0,0
[54.46549334],[47.11452858],[44.46065344],1,1,2,1
[55.54236634],[63.23029794],[63.83944225],0,2,0,1
[29.46756528],[44.00382617],[42.48990309],0,2,0,0
[37.77642514],[34.29503223],[30.47697558],1,2,4,0
[78.37222468],[81.76173102],[84.0238572],0,2,0,1
[59.09414003],[54.32021235],[53.09717154],1,2,0,1
[72.79217544],[71.1322084],[69.73978816],1,1,4,1
[44.53015241],[57.6027022],[54.72415649],0,1,4,0
[43.69254776],[38.17201321],[34.0521033],1,4,5,0
[47.64806008],[47.55592044],[48.02951908],1,2,2,0
[52.36576763],[58.91733801],[58.00698997],0,2,5,1
[71.02246923],[65.3318933],[63.11951502],1,4,2,1
[76.31035586],[87.92599891],[88.31117376],0,1,2,1
[37.11354721],[53.02986344],[50.47434892],0,0,5,0
[78.83432674],[81.22673496],[79.40905041],1,1,4,1
[75.09068754],[75.09170914],[72.30531657],1,0,1,0
[41.06551015],[42.16589618],[37.91464693],1,0,5,0
[62.60384592],[68.19441068],[69.21358419],0,1,0,1
[78.62966812],[87.88883387],[88.58124516],0,1,1,1
[66.1973054],[74.26937848],[74.40653954],0,0,1,1
[62.42164124],[74.92550291],[74.60689335],0,2,4,1
[63.6940315],[62.27325479],[58.02726425],1,1,2,0
[58.21355151],[70.63900705],[69.82409969],0,1,4,0
[85.29784435],[78.8399864],[84.37080352],1,4,0,1
[57.48396668],[73.33121874],[71.66073815],0,1,3,0
[74.27350561],[67.04693774],[65.3845016],1,3,2,1
[86.48647352],[80.69510979],[80.17450403],1,4,2,1
[60.30737531],[69.61055292],[69.60960553],0,2,3,1
[93.05194906],[86.3674797],[87.11829052],1,4,2,1
[57.86457383],[50.04901237],[48.9197605],1,2,1,1
[63.00868407],[61.92036029],[58.62394604],1,2,0,0
[67.83125009],[76.15395888],[76.59518343],0,4,5,1
[66.93461297],[72.58399335],[73.13189019],0,3,2,1
[63.00868407],[61.52276698],[58.17094737],1,2,0,0
[68.48413806],[66.3541578],[64.41123236],1,3,2,1
[50.5100032],[60.07377432],[58.72656894],0,2,5,0
[74.22351684],[82.23903108],[83.43324399],0,2,0,1
[38.9731514],[51.74450943],[49.75458995],0,2,2,0
[53.31959094],[50.41800089],[53.36652284],1,3,2,0
[58.29945252],[62.9376063],[58.43628879],0,2,4,1
[70.24898299],[80.70136113],[81.66521975],0,2,1,1
[88.49122128],[85.21673426],[84.02388275],1,3,0,1
[44.54039295],[57.04678824],[54.36958704],0,3,4,0
[56.54440308],[54.12370838],[56.45376167],1,4,5,1
[65.56848421],[68.77168739],[65.31070769],1,3,4,0
[57.14785099],[61.81344232],[61.2879879],0,4,5,1
[70.18991605],[65.48764332],[63.23863947],1,4,5,1
[83.31585695],[75.62082115],[78.17359882],1,0,1,1
[90.44057561],[93.08674925],[92.50334551],1,3,3,1
[54.71968938],[71.53596263],[69.55844808],0,2,5,0
[67.95326692],[59.55674229],[56.97613163],1,2,2,1
[39.38304808],[50.8258599],[47.56038417],0,3,5,0
[72.75746555],[64.47058339],[62.39625133],1,1,2,1
[57.03208826],[61.88669461],[61.11129413],0,2,2,1
[60.17781462],[71.43740123],[64.88030214],0,2,0,1
[56.72248646],[51.21250739],[48.98392187],1,2,0,1
[61.66557576],[63.23235749],[66.97202405],0,1,4,1
[74.58480426],[78.90265277],[79.62310943],0,2,5,1
[71.02248081],[73.09350306],[69.13370745],1,1,3,0
[68.31174717],[74.3685745],[73.87148832],0,2,2,1
[58.72947978],[60.91490636],[62.07422207],0,2,4,1
[72.93795679],[86.24157461],[84.51797943],0,3,2,0
[76.43051213],[75.20498383],[73.9624268],1,2,0,1
[53.18331543],[45.71851796],[43.75366761],1,3,5,1
[49.70449623],[59.95565416],[60.15793016],0,1,1,1
[32.0602916],[41.10321834],[39.66257544],0,3,5,0
[50.13640249],[59.92755429],[58.94679513],0,2,0,0
[77.82649202],[75.25968335],[73.41172277],1,1,2,1
[31.69172648],[41.63272063],[39.82318515],0,1,0,0
[57.72416165],[69.3058363],[68.74998432],0,2,5,1
[58.93694229],[70.51734421],[72.00494675],0,2,4,0
[95.30502063],[91.12813755],[89.49929102],1,3,4,1
[47.35459418],[65.94706681],[56.37925938],0,3,4,1
[74.59253532],[74.28725505],[72.23222477],1,1,2,1
[52.50943557],[47.72062375],[43.80137095],1,2,4,0
[73.98162555],[71.33644507],[69.26144086],1,1,5,1
[78.57575407],[83.6748649],[84.98612686],0,3,3,1
[93.80084354],[89.60766419],[89.61383092],1,3,1,1
[76.56036694],[74.46767799],[71.60902383],1,1,3,0
[58.16102277],[64.94828125],[65.49906804],0,2,2,1
[95.68319978],[99.23796859],[100.69786473],0,4,0,1
[48.78602616],[51.70629994],[48.02132373],1,1,2,0
[58.7010402],[51.92660303],[49.47619775],1,0,4,1
[59.57333358],[54.88143351],[53.06633972],1,1,0,1
[58.63742382],[61.94319536],[58.86179658],1,2,4,0
[83.56576564],[75.67153053],[72.19311231],1,2,4,1
[81.10605758],[77.51973152],[76.38277994],1,4,2,1
[69.4753757],[67.08167112],[65.63875527],1,3,2,1
[48.96820287],[58.15336919],[57.61680361],0,1,4,1
[71.33396265],[79.1329783],[80.26229989],0,3,1,1
[80.35354303],[74.42827434],[73.15083724],1,3,2,1
[48.09350143],[49.24815306],[43.82337844],1,0,1,1
[84.83973294],[76.83086993],[74.94777126],1,1,0,1
[33.95497099],[34.65252394],[30.84345534],1,2,4,0
[75.31212186],[84.24868775],[88.34138036],0,2,4,1
[43.04925571],[50.22571196],[49.09096456],0,3,5,1
[65.56892142],[76.48358289],[75.30457496],0,2,3,1
[39.80712164],[36.57123449],[32.9125079],1,0,1,0
[78.50876463],[75.30732103],[73.85604243],1,3,2,1
[78.22014887],[77.62068833],[76.02150336],1,1,0,1
[51.32203127],[62.14053533],[61.19111936],0,4,4,0
[60.64730228],[56.91961068],[55.139055],1,2,0,1
[61.71296525],[65.44806482],[61.13945054],1,1,1,0
[77.91155671],[87.74618661],[87.71231972],0,3,5,1
[60.78190916],[67.15423959],[66.74513311],0,2,2,1
[78.86735159],[87.06043323],[88.13983805],0,3,1,1
[51.41485949],[57.33814464],[58.4386026],0,2,1,1
[40.2114923],[45.08813646],[44.59063907],0,2,5,1
[74.29973415],[81.00056825],[82.80484838],0,3,0,1
[62.1274409],[56.94839068],[55.55297426],1,2,3,1
[75.17592483],[68.97862439],[67.10650827],1,3,0,1
[50.10484952],[49.43843417],[46.17717678],1,2,5,1
[95.14952984],[86.43579305],[85.89628385],1,4,4,1
[83.78555325],[96.41137113],[96.98573243],0,3,0,0
[72.83584165],[78.93179007],[79.62048392],0,4,0,0
[68.931245],[67.56805729],[65.26715089],1,2,2,1
[64.78507359],[61.51920516],[58.74592961],1,1,4,1
[62.43415204],[56.47934284],[55.23613514],1,3,0,1
[58.60998532],[54.55360342],[52.7282461],1,4,4,1
[73.32592765],[74.99818857],[70.98134532],1,2,5,0
[79.04747698],[77.0736212],[75.06622393],1,0,4,1
[56.61260828],[64.87652412],[66.17406663],0,1,0,1
[51.48939305],[48.24139926],[45.60672701],1,3,4,0
[54.8946843],[64.37311426],[73.0327409],0,2,5,0
[64.53452611],[62.43245476],[59.04816004],1,1,0,0
[66.89712646],[79.36617633],[79.1459575],0,3,4,0
[81.55690839],[85.10354319],[86.50292835],0,3,1,1
[54.3984249],[61.56400577],[61.42390725],0,1,0,1
[76.57360157],[71.11244503],[69.12003849],1,1,3,1
[48.71317682],[58.35829214],[56.96745731],0,1,2,0
[59.44180909],[64.28620574],[64.49642873],0,1,5,1
[59.4489642],[52.54228842],[49.68022119],1,4,4,1
[95.65325507],[99.76911691],[101.17456324],0,4,1,1
[46.01691452],[45.97169443],[42.6990743],1,0,0,0
[68.80205717],[78.29967784],[78.62511678],0,2,4,1
[53.26157268],[64.29406262],[62.19325856],0,2,2,0
[65.72248371],[76.87580567],[76.88725948],0,1,0,1
[71.69842813],[69.00254108],[68.56907766],1,3,1,1
[52.2449756],[61.84971094],[60.32945117],0,2,0,0
[41.91998286],[46.5048531],[46.29241498],0,2,4,1
[63.15318253],[63.35525146],[59.8017885],1,1,2,0
[84.03321454],[88.30295664],[88.44795002],0,4,0,0
[82.14785637],[89.6797045],[96.87248277],0,3,0,0
[82.11381053],[79.62295115],[77.28466097],1,4,5,0
[86.08590683],[96.13097316],[97.15188022],0,3,0,1
[65.8544956],[64.9135641],[62.76598037],1,3,0,0
[82.41426927],[90.92400268],[91.60593552],0,2,1,1
[67.99627367],[75.366339],[75.18935102],0,1,5,1
[69.83787887],[71.01913291],[69.0705849],1,0,1,1
[76.06922168],[87.49275992],[88.84709039],0,3,1,1
[65.81949686],[62.3921718],[60.01355549],1,1,1,1
[57.54161984],[65.94189244],[65.97411101],0,1,5,1
[81.40102835],[96.04258767],[92.49513136],0,2,3,1
[76.58992792],[84.38066005],[84.41898006],0,0,2,1
[57.18331389],[60.95206909],[60.76610176],0,1,2,1
[68.86596119],[73.57861667],[74.40681279],0,3,4,1
[57.29853118],[68.67303091],[67.96818116],0,2,4,0
[65.79106054],[65.19732927],[61.57060271],1,0,5,0
[76.111381],[74.94895],[71.52741795],1,1,4,1
[49.59284096],[58.72631983],[57.84695057],0,3,4,0
[52.64301666],[56.97950797],[57.04878154],0,2,1,1
[54.37473788],[54.05482989],[50.27089769],1,1,5,0
[82.07472603],[93.66780618],[93.35607964],0,3,4,0
[89.63320195],[86.51256092],[85.45803277],1,3,2,1
[54.13284407],[62.61234684],[62.58072882],0,3,5,1
[46.57295586],[51.75392139],[50.94447739],0,2,4,1
[84.02656915],[91.54232204],[91.93393478],0,4,1,1
[70.03917147],[79.35769448],[79.13844918],0,2,0,1
[82.53396004],[83.09050607],[85.0894007],0,2,0,1
[89.91109304],[98.79580929],[99.41864728],0,2,3,1
[75.63338429],[73.30465671],[70.5709502],1,1,2,1
[63.35392494],[61.51481968],[58.34906308],1,4,5,0
[71.85224071],[65.64934443],[64.16004942],1,3,2,1
[55.44897578],[59.50871157],[54.78841628],1,1,5,0
[59.05550739],[57.85342022],[53.54927157],1,1,5,1
[38.82613413],[50.66368097],[49.74167115],0,1,5,1
[66.53247078],[63.26388798],[60.30103817],1,4,5,0
[78.76566814],[89.04137938],[89.63026058],0,2,0,1
[61.16764323],[65.63447622],[66.15384261],0,2,1,1
[39.78098874],[49.65463494],[47.81156711],0,3,5,0
[52.6368617],[47.81241294],[46.31604849],1,3,1,1
[53.80299914],[55.90222105],[51.73762037],1,0,3,0
[56.23799187],[66.22499074],[61.31065759],0,1,0,1
[67.6649325],[66.12478108],[61.50184557],1,3,2,1
[54.22715675],[63.21820347],[63.80095501],0,3,0,1
[57.09206728],[51.78470842],[49.58644538],1,4,0,1
[74.51130106],[67.98598222],[67.01943702],1,2,4,1
[53.30766314],[64.77066748],[64.56811368],0,1,5,1
[68.5467433],[81.95290963],[81.431767],0,3,0,0
[77.28330638],[75.0148317],[73.25837013],1,1,5,1
[72.31951275],[80.69446509],[81.44984494],0,0,3,1
[84.03367903],[79.91759047],[78.82560898],1,2,4,1
[73.97462765],[80.52681675],[84.78585819],0,0,4,1
[55.30216508],[71.7148207],[61.44315425],0,1,0,1
[55.76260581],[72.25969472],[70.78624441],0,3,2,0
[93.66976712],[87.36339587],[86.4288565],1,3,0,1
[71.32825802],[72.39260062],[70.01668504],1,2,4,1
[71.49888107],[64.772934],[63.00259573],1,2,5,1
[67.9398232],[77.67852222],[77.5248408],0,4,5,1
[49.44499162],[63.34984376],[57.5100058],0,1,1,0
[56.90848959],[68.6214391],[68.05467551],0,1,0,1
[69.33591608],[79.70633631],[78.36836254],0,3,4,0
[67.70563055],[70.93839308],[55.59965403],1,1,2,0
[67.62752896],[62.44646394],[61.20120903],1,2,0,1
[89.5033398],[86.95275928],[84.93611341],1,3,4,1
[79.62006893],[72.66072891],[65.4472741],1,2,0,1
[41.5565399],[47.52539594],[46.21698754],0,1,5,1
[75.79739748],[79.97191493],[81.21672049],0,3,3,1
[98.71109748],[95.10880915],[94.88016657],1,3,1,1
[78.97658996],[71.65470604],[70.45355399],1,3,5,1
[38.96476648],[38.79124439],[35.59566861],1,3,4,0
[61.38359891],[72.1057297],[71.64724774],0,3,1,0
[74.49132615],[80.38748661],[81.12370159],0,3,2,1
[88.0702505],[84.30326836],[82.2359712],1,2,0,0
[74.92162261],[84.27447445],[83.33893485],0,2,2,1
[78.35410006],[73.99807669],[71.68664537],1,1,4,1
[38.77192795],[40.64951558],[35.65269802],1,2,4,0
[76.58553896],[73.63866055],[71.76345495],1,2,4,1
[64.59627918],[78.66920068],[79.23146133],0,1,1,1
[91.49729],[91.65628365],[88.89700111],1,2,0,1
[56.04225964],[65.78901795],[65.45100332],0,2,1,1
[80.66016336],[93.12445152],[95.58910097],0,3,2,1
[71.83191685],[64.60822838],[63.46414846],1,1,0,1
[81.08787563],[75.86009381],[74.71057883],1,2,1,1
[73.50792323],[82.43424498],[82.53451032],0,3,4,1
[80.17426432],[78.52395432],[78.4218924],1,3,0,1
[66.64803395],[62.29979618],[59.71292554],1,3,5,1
[66.08423663],[64.46213733],[62.31966845],1,2,4,1
[40.86204361],[39.26569877],[37.68606346],1,1,5,1
[72.41147168],[72.39912225],[70.53655725],1,2,2,1
[39.03498795],[49.11230445],[46.05321239],0,2,5,0
[72.3243312],[63.12670782],[70.13951218],1,3,5,1
[57.81353484],[53.99330071],[52.14212572],1,2,0,1
[72.0788299],[81.99601959],[81.33776433],0,3,0,0
[56.61521894],[70.16093644],[69.0868742],0,3,4,0
[79.71783084],[69.72802166],[68.53257563],1,1,5,1
[67.63927159],[63.02730949],[60.94044844],1,3,5,1
[61.0170627],[70.94118906],[69.89033021],0,1,0,1
[47.32799449],[54.61567599],[59.53914901],0,2,2,0
[54.80559039],[62.93095184],[61.85013518],0,3,5,1
[76.03750036],[76.91486282],[74.97044078],1,0,1,1
[66.20456417],[69.91513057],[69.6195483],0,4,5,1
[62.79869367],[75.6414387],[73.15704221],0,1,5,0
[79.02696998],[87.97675452],[88.56016936],0,3,0,0
[57.3487813],[63.89956194],[70.14439008],0,0,5,1
[47.60300726],[49.66706142],[51.78996948],0,2,2,1
[62.09132077],[55.09269289],[52.40061213],1,3,5,1
[65.88880588],[64.51221282],[62.86587982],1,3,0,1
[89.45811897],[84.96650593],[84.37399919],1,3,5,1
[73.02620129],[69.25181445],[69.20576051],1,3,5,1
[74.52677195],[71.95176221],[70.39617847],1,2,0,1
[68.27285897],[75.92043499],[76.7406472],0,3,0,1
[54.90402966],[60.65150579],[60.74930027],0,1,4,1
[65.82555727],[72.36357223],[72.52755297],0,4,4,1
[67.40270749],[72.34708286],[72.17420507],0,2,5,1
[61.4789248],[69.91584009],[70.18681346],0,3,5,1
[72.90167619],[69.3537834],[67.03009031],1,1,2,1
[90.48561349],[96.47521698],[96.79226576],0,4,2,1
[83.26492163],[92.24996552],[92.33117767],0,1,5,1
[69.03963394],[77.62337882],[84.54101707],0,4,5,1
[59.36241656],[71.2135764],[70.10367568],0,3,2,0
[75.95764939],[76.30292547],[76.22140695],0,4,0,1
[41.05887657],[48.75284592],[48.03161476],0,1,2,1
[75.00521371],[70.60021774],[68.47236282],1,3,2,1
[85.87583294],[80.46120765],[77.4220241],1,3,5,1
[101.68086494],[99.18766463],[98.92611127],1,4,0,1
[53.44395728],[66.00974711],[64.60067108],0,1,4,0
[42.72856119],[42.28823603],[38.4762775],1,3,4,0
[50.18407351],[50.56973657],[47.40669194],1,1,1,0
[80.34076607],[79.60973882],[78.54926444],1,2,0,1
[80.0888883],[86.61199157],[86.77474042],0,3,2,1
[53.59039434],[47.27014578],[44.35631622],1,2,4,1
[62.2254889],[73.9604092],[73.37351347],0,2,5,0
[72.3128764],[63.10056178],[63.87802791],1,1,2,1
[78.64114458],[75.20498383],[74.34815356],1,2,0,1
[68.77474326],[79.74721693],[79.44698582],0,1,2,0
[69.15373307],[67.32983916],[67.81409716],1,3,4,0
[60.99431391],[72.91237305],[71.48735529],0,3,2,0
[52.55104693],[59.54256267],[58.33697474],0,2,1,0
[76.2290149],[84.08404777],[84.59669741],0,2,5,1
[51.38947561],[47.44864429],[45.94785813],1,3,5,0
[51.70644438],[57.09743198],[55.59533621],0,4,1,0
[63.15410388],[56.21621682],[54.94939412],1,1,2,1
[48.86940937],[42.66402967],[40.7295694],1,3,2,1
[36.8220405],[30.17485839],[25.85828255],1,1,4,0
[44.87820194],[42.33712113],[38.54919074],1,0,5,0
[56.36650863],[57.58578206],[53.03987264],1,2,2,0
[72.41800408],[68.08423559],[66.10934539],1,2,4,1
[70.92883391],[65.16846776],[64.25164639],1,3,1,1
[52.72548381],[59.10123414],[59.02382452],0,1,4,1
[66.80159625],[62.69201896],[61.29561006],1,2,2,1
[67.68042731],[69.16113629],[61.58019543],1,0,3,1
[67.86024973],[76.85104002],[76.46648151],0,3,1,1
[82.64103788],[75.4625005],[78.68621396],1,2,1,1
[69.28807379],[71.08894237],[65.98633825],1,3,0,0
[42.53200019],[54.59945145],[53.42456536],0,2,5,1
[52.57380355],[42.26424709],[45.25254933],1,2,0,0
[85.74803826],[79.51134648],[78.60967763],1,4,4,1
[72.83591282],[63.12069725],[65.74104534],1,2,0,1
[83.09292182],[89.71675765],[91.49335088],0,2,0,1
[58.30168248],[65.82016627],[65.54197507],0,2,2,1
[85.58684129],[82.5169888],[80.86749244],1,2,4,1
[77.66661399],[81.55716465],[78.91469885],0,3,5,0
[83.01435076],[78.852216],[87.32798162],1,3,4,1
[57.55102984],[54.65497472],[51.12283041],1,4,2,0
[71.71884981],[74.13221086],[74.2520354],0,2,4,0
[45.06642346],[55.77061307],[55.03194025],0,2,2,1
[85.11660487],[83.37242095],[82.80147771],1,3,0,1
[86.98188825],[82.54550315],[80.83448837],1,4,5,1
[59.79058346],[65.3202296],[64.95487076],0,2,5,1
[77.0283684],[79.6244463],[77.01151227],1,1,0,0
[56.33880468],[68.0420069],[67.8221076],0,0,2,1
[62.69907923],[64.59817252],[52.95785315],1,3,4,0
[65.72482192],[63.76428947],[62.70869954],1,3,0,1
[76.29842001],[70.96141888],[69.56132048],1,2,4,1
[75.28311109],[86.41830906],[84.87251583],0,2,1,0
[54.08814574],[47.74558244],[50.78392644],1,2,4,1
[91.26501124],[83.80666592],[82.43922394],1,3,5,1
[48.62920811],[43.25396748],[40.8140344],1,2,2,1
[74.12658269],[73.90564389],[72.21360974],1,2,0,1
[54.15018214],[62.73115928],[58.34492222],1,3,4,0
[42.94704017],[48.91009206],[48.13131895],0,4,2,0
[58.10429096],[65.49977626],[65.10680147],0,2,0,1
[68.36046842],[76.25856179],[77.1577623],0,0,2,1
[57.49262939],[60.63620065],[60.24303371],0,4,5,1
[52.41306905],[52.13798044],[47.95993336],1,2,5,0
[60.59618152],[59.99405032],[56.39847028],1,2,0,0
[57.11603358],[65.88182516],[64.61954155],0,3,5,1
[81.072762],[79.71470998],[78.18112914],1,1,2,1
[61.52929575],[59.21497252],[55.52410148],1,3,4,0
[73.70617325],[86.20507056],[80.43060469],0,1,3,1
[75.59953168],[75.53223952],[73.3804926],1,0,0,1
[48.00161673],[61.06188215],[60.1078361],0,1,4,0
[75.71175938],[88.45778726],[88.93029821],0,1,5,1
[56.65794061],[64.94531529],[63.77799682],0,4,5,0
[46.66203819],[50.13928742],[47.20689334],0,4,3,1
[70.80187604],[79.6862583],[81.03580056],0,3,1,1
[69.47752389],[69.99799242],[67.10199362],1,3,1,0
[64.89672684],[71.90560672],[71.44932147],0,3,2,1
[49.10775502],[55.68266917],[56.27184485],0,1,0,1
[52.7355548],[69.19651878],[67.52788294],0,1,2,0
[56.38304208],[62.40051075],[62.90265292],0,1,1,1
[71.24944115],[72.42335358],[68.71193895],1,2,5,0
[55.91055126],[52.49590757],[48.78248926],1,3,5,0
[68.71287444],[86.30907813],[84.18730105],0,0,4,0
[51.50718697],[44.30448382],[47.14348585],1,2,4,0
[53.86307399],[64.09342581],[63.90888625],0,1,5,1
[83.20269858],[77.94665117],[76.40392578],1,0,4,1
[72.37583415],[69.04048559],[66.83237564],1,2,2,1
[54.9057026],[64.9642634],[65.31917843],0,3,0,1
[52.79162409],[61.70118593],[60.67124731],0,2,0,0
[66.73535556],[66.08623181],[63.58603716],1,1,5,1
[54.2737979],[63.57076596],[61.60717783],0,2,5,0
[67.37799314],[75.00233181],[74.92921581],0,0,2,1
[73.5443141],[78.85765601],[70.8372336],1,3,5,1
[67.41764527],[75.31062735],[68.28299514],0,1,4,1
[57.14564624],[68.72323922],[68.7378542],0,2,1,0
[58.99693995],[55.95495471],[53.39980016],1,4,4,0
[83.09299096],[86.96032537],[87.45932323],0,4,1,1
[72.56239686],[71.28652458],[67.65038382],1,4,2,0
[81.7574628],[90.13388167],[90.29958895],0,0,2,1
[47.50970477],[47.53993829],[45.56667627],1,1,4,0
[80.62715032],[87.94856603],[89.06405206],0,2,1,1
[80.64337151],[89.23773824],[89.7548682],0,3,4,1
[45.96678856],[48.70037575],[47.79541959],0,4,2,1
[82.66466056],[87.67056984],[89.80012886],0,3,2,1
[67.2846016],[75.89887386],[77.93288528],0,4,5,1
[88.36556849],[82.94955477],[82.0087368],1,4,0,1
[73.28720746],[82.23781664],[81.98506348],0,3,2,1
[77.19870059],[86.89546123],[86.22669351],0,3,5,0
[43.93396174],[54.80430491],[52.35037985],0,3,5,0
[58.37352241],[61.6013137],[58.27224676],1,2,5,0
[79.97547534],[81.33533743],[78.43367913],1,0,0,0
[76.47258165],[79.34530517],[76.72424778],1,2,1,0
[59.68863081],[63.88547125],[64.00048997],0,2,4,1
[45.57296215],[55.08996769],[53.15751655],0,2,2,0
[16.27520906],[27.74966467],[24.71330577],0,2,4,0
[63.57594424],[59.36464249],[56.20564663],1,3,4,0
[59.68488695],[57.51555907],[54.73626008],1,2,5,1
[67.4998246],[79.27825567],[79.6670333],0,1,5,1
[87.70904182],[98.35848647],[99.5365834],0,3,0,1
[71.77268313],[81.83197726],[83.06573391],0,1,0,1
[85.56410634],[78.6786899],[78.70308831],1,1,1,1
[54.72483167],[69.75236325],[68.00052021],0,0,4,0
[76.0767766],[74.06797889],[72.65122885],1,2,4,1
[66.45532104],[68.85986961],[66.70815963],1,0,0,1
[60.29188579],[72.50878627],[72.13366392],0,2,5,1
[60.8930187],[65.45084573],[65.5839314],0,1,4,1
[72.46904152],[78.57831175],[78.99341699],0,0,2,1
[69.22378879],[60.78662393],[58.88070703],1,2,0,1
[92.89251809],[89.20182758],[87.27381526],1,3,4,1
[56.19134337],[65.47291408],[66.08211111],0,1,0,1
[54.64655698],[47.5086781],[47.5238243],1,0,2,1
[80.53637267],[73.34992608],[71.33821737],1,3,4,1
[75.44876972],[67.80280223],[64.7373494],1,2,2,1
[57.5438561],[69.05809201],[73.24583512],0,1,1,0
[52.72511421],[61.67969428],[60.5168711],0,2,3,0
[58.37352241],[61.70071203],[58.38549643],1,2,5,0
[58.43097398],[62.47821513],[62.21322548],0,3,5,1
[74.37956092],[68.23363992],[66.34396721],1,4,2,1
[72.22639945],[65.07103625],[61.7935146],1,4,4,0
[65.7795725],[70.11956954],[69.78950188],0,2,5,1
[68.70009393],[64.08157127],[61.28134613],1,0,4,1
[34.66558298],[42.52916283],[39.01235251],0,2,5,0
[57.49188438],[67.53957525],[66.50361294],0,0,1,1
[75.92994147],[71.30623941],[69.54550951],1,3,5,1
[45.15234388],[44.0236905],[39.67092144],1,2,4,0
[77.93675669],[73.73900769],[72.87796179],1,3,0,1
[41.44711134],[36.69839756],[33.36513004],1,2,2,1
[68.83562195],[77.41198047],[84.35706622],0,4,4,1
[57.99974403],[67.08407487],[65.7939329],0,0,3,0
[79.59674469],[72.57386048],[71.87149485],1,2,0,1
[53.85216014],[51.76539205],[48.36170469],1,2,0,0
[78.38973759],[80.95009496],[79.13657331],1,1,4,1
[84.6125022],[83.52107878],[82.68314323],1,2,1,1
[81.75783495],[72.42513316],[71.56499011],1,4,1,1
[65.33732631],[71.81003585],[72.86519318],0,2,0,0
[79.29207935],[87.66705657],[89.09973508],0,3,4,1
[68.48462065],[64.85121893],[63.85941288],1,2,0,1
[80.31799053],[85.32332043],[85.37667177],0,4,5,1
[73.35372416],[70.74951562],[70.2679078],1,2,5,1
[53.90083754],[49.82342579],[46.67272393],1,2,4,1
[91.8395506],[88.64719755],[88.2493585],1,3,0,1
[71.27203373],[65.7174014],[60.09209065],1,1,0,0
[54.70187174],[63.07109797],[62.81854646],0,2,2,1
[87.64504973],[98.67485598],[99.35239895],0,2,3,1
[71.71753039],[67.95967627],[64.1795999],1,4,5,0
[49.84637295],[39.63787748],[36.99904864],1,2,4,1
[93.55812448],[89.76034252],[90.1148545],1,3,1,1
[66.0604416],[64.24083392],[73.09545009],0,4,2,1
[78.40252085],[75.71009183],[72.43193828],1,2,4,0
[73.23683374],[69.25181445],[66.59148727],1,3,5,1
[50.19834574],[54.83602763],[53.74710618],0,2,2,0
[68.50037634],[75.21768117],[75.3076855],0,2,4,1
[55.27436227],[63.13647244],[63.24480762],0,1,2,1
[57.94095363],[54.08016068],[53.7537266],1,2,2,1
[76.6181932],[85.7367261],[86.25490126],0,2,5,1
[54.47520706],[49.38941705],[46.11742011],1,2,3,0
[76.66446883],[74.68342885],[74.00942813],1,2,0,1
[64.61446917],[60.68147682],[58.61347275],1,1,5,1
[89.32686671],[87.93799157],[86.72136381],1,1,4,1
[71.66828712],[81.52969229],[81.68178763],0,1,3,1
[64.12061333],[65.70966532],[61.46685765],1,2,4,0
[60.24609733],[57.77178904],[56.19335305],1,2,5,1
[59.02332038],[63.0002632],[58.3738718],1,1,4,0
[46.66532089],[45.31255779],[41.09107421],1,0,5,0
[32.25152663],[46.89367448],[43.69795215],0,2,4,0
[64.86279246],[73.26334082],[72.29591393],0,2,1,0
[50.32669096],[61.66107818],[59.95851164],0,3,5,0
[65.77845313],[61.62819682],[58.99715236],1,1,5,1
[71.89991345],[84.11372526],[82.69344925],0,1,4,0
[52.5976705],[64.31658966],[63.88577856],0,2,1,1
[61.06904675],[66.2656629],[66.88621673],0,2,4,1
[65.79581535],[54.69573731],[53.05199049],1,2,4,1
[88.38964149],[94.58734982],[95.54352157],0,3,4,1
[82.48729974],[83.28302333],[80.70211681],1,1,4,1
[64.56119339],[71.05119286],[70.94143259],0,2,0,1
[51.85019308],[47.46249029],[44.48778256],1,1,4,1
[62.34412161],[69.0748074],[68.16974547],0,1,4,1
[80.53637267],[74.34390936],[72.47071403],1,3,4,1
[74.40829991],[83.12561743],[81.31218209],0,2,5,0
[67.44813092],[65.37518462],[61.973598],1,4,1,0
[69.56875341],[71.59100193],[68.07601301],1,2,4,0
[50.98855469],[56.70910368],[49.18291153],1,2,0,0
[75.8401058],[85.84707394],[85.38329688],0,1,5,1
[72.93406752],[81.57098739],[81.51627181],0,2,1,0
[77.24375893],[83.00668839],[82.84569301],0,4,3,0
[69.39964425],[80.20102912],[79.6823976],0,2,4,0
[87.74738611],[90.16247559],[87.58637333],1,3,4,0
[94.89020035],[95.43369652],[94.23545312],1,1,3,1
[52.94936348],[62.31267873],[66.36589126],0,1,0,0
[54.46530918],[57.95250683],[57.94586626],0,3,5,1
[82.19644873],[77.58345381],[75.86673553],1,2,1,1
[66.22183862],[72.60311668],[73.60921392],0,3,1,1
[81.00439277],[72.63666433],[71.97240263],1,3,3,1
[61.26400855],[70.65288341],[71.753687],0,3,3,1
[42.4111138],[49.59228977],[48.90499963],0,2,5,1
[68.91502078],[78.62486781],[79.17011077],0,2,5,1
[63.6248227],[62.6016858],[61.08688073],1,3,2,0
[73.83068246],[64.59599494],[62.57598277],1,4,4,1
[24.49405213],[33.57069241],[30.49585075],0,1,5,0
[69.65346387],[66.40811793],[64.00179051],1,4,4,0
[89.90568987],[91.54147989],[90.57889806],1,1,1,1
[80.44309461],[82.79305824],[81.92238281],1,1,0,1
[52.59134416],[64.31331877],[62.89404396],0,1,2,0
[83.62500842],[89.16347765],[90.71985021],0,2,0,1
[68.05728703],[59.50204278],[58.52683565],1,3,0,1
[78.88338104],[76.55524437],[74.39894947],1,3,2,1
[42.35581594],[51.44445104],[50.61870382],0,2,2,0
[83.56379805],[89.006646],[89.37600691],0,2,0,1
[80.8195648],[72.05345322],[69.13542463],1,4,5,1
[46.36727073],[56.26879206],[54.71993708],0,4,5,0
[65.7848044],[58.30229732],[56.52762562],1,2,4,1
[64.77939137],[70.90976004],[71.52068767],0,3,2,1
[78.98273412],[76.78229286],[73.42018855],1,4,4,0
[82.83386124],[88.10522834],[87.94000755],0,0,5,1
[72.00074695],[72.64308546],[73.47227115],0,4,0,1
[71.1482446],[86.04745944],[74.55339202],0,2,3,1
[71.3217238],[77.1207145],[76.2130178],0,2,5,1
[65.11288531],[60.6748686],[57.55671394],1,2,1,0
[54.98228519],[51.40485189],[49.11538821],1,1,0,1
[45.30896942],[36.95956033],[34.1984121],1,1,2,1
[80.38546009],[82.52619293],[80.23596445],1,1,0,0
[80.69860123],[89.45008539],[90.94007623],0,4,1,1
[86.1468374],[80.08875209],[79.66153034],1,2,1,1
[70.41296695],[76.25048782],[82.59590069],0,2,1,1
[77.44551906],[72.71029102],[73.37693822],1,3,0,1
[71.34261831],[81.06358333],[80.75958772],0,3,2,1
[50.38733371],[49.06716595],[45.92415829],1,3,4,0
[52.71158546],[64.94839313],[64.02231446],0,3,3,0
[66.22349792],[72.87911049],[81.77022858],0,4,4,1
[80.20233329],[97.76459149],[88.54556872],0,3,4,1
[61.60701664],[55.81106602],[49.48292854],1,0,0,0
[57.02100815],[68.64427185],[65.6402039],0,0,1,1
[85.80762467],[94.39534936],[93.48934846],0,2,4,1
[66.20513484],[72.81688335],[73.47021725],0,3,0,1
[45.84059561],[58.45417719],[56.38031319],0,1,4,0
[65.58273151],[74.97557225],[74.52688795],0,4,5,1
[85.22855906],[87.34158067],[74.98438298],1,3,4,0
[79.23098196],[88.58574618],[88.69711888],0,3,1,0
[74.74096133],[65.97278288],[63.47505974],1,4,4,0
[61.67632262],[73.77107305],[73.06152556],0,3,5,0
[65.91128872],[72.50915837],[72.79111762],0,3,2,1
[72.18416037],[68.78371853],[66.55057249],1,2,1,0
[76.66698662],[75.02129],[73.9796199],1,1,0,1
[77.82781298],[75.48482834],[74.57646643],1,1,4,1
[83.89011146],[84.06956173],[85.34298084],0,4,4,0
[66.73835067],[62.19739564],[56.36350718],1,2,0,1
[73.48031519],[83.79524996],[84.37283739],0,3,2,1
[81.48340519],[74.18687264],[73.89925594],1,3,0,1
[67.59096379],[62.39081562],[61.13638263],1,2,2,1
[56.1980461],[56.12953206],[51.93111564],1,2,4,0
[29.65487348],[45.01936443],[44.84685194],0,2,0,0
[42.7955257],[55.27712856],[57.03986893],0,3,5,1
[95.56342095],[99.87158693],[100.90591378],0,4,4,1
[77.65820534],[68.58767938],[66.77062672],1,3,4,1
[89.25512594],[99.04184829],[98.69374843],0,4,3,0
[69.26214368],[65.37396126],[63.31988681],1,4,3,0
[78.46437103],[72.11765903],[68.57317589],1,3,0,0
[39.74329738],[51.31921159],[49.48617409],0,3,1,0
[39.11904301],[40.79912221],[36.53562072],1,2,1,0
[67.61185097],[66.93417028],[63.26062889],1,2,4,0
[67.07268574],[75.87444949],[77.23863311],0,2,1,1
[47.82453318],[49.56767978],[47.81051701],1,4,2,0
[43.7148621],[50.7842269],[51.9320038],0,3,2,1
[58.26100936],[61.78580729],[61.89740993],0,4,2,1
[59.60682618],[68.70758293],[69.27434919],0,2,5,1
[55.75627318],[64.92639426],[63.94897398],0,2,5,0
[79.63236055],[92.64550159],[93.004004],0,3,4,1
[73.81913685],[80.03627726],[80.84310202],0,1,4,1
[62.63759966],[57.52262801],[54.23545486],1,4,4,0
[68.62454446],[80.82045335],[81.97337986],0,3,4,1
[33.16428248],[34.72858228],[29.83793911],1,2,2,0
[65.49934321],[70.94783736],[70.00744732],0,1,4,1
[64.97287069],[63.57567258],[59.29185247],1,0,0,0
[81.8755622],[91.38747769],[92.40415961],0,2,2,1
[52.99506845],[49.36063706],[45.70350084],1,2,0,0
[63.68069448],[77.33631471],[75.96441236],0,3,4,0
[46.79563869],[55.85565818],[54.9148477],0,3,2,0
[89.61232635],[89.73081603],[89.34797894],1,0,1,1
[54.77249111],[52.63293577],[50.44622459],1,2,4,1
[67.32706239],[62.04893396],[60.54683281],1,2,3,1
[57.86764062],[68.49260566],[68.86769375],0,1,0,1
[43.39042034],[51.32843052],[49.92864458],0,1,2,0
[82.66493759],[80.18275279],[78.57803385],1,4,3,0
[69.38396299],[71.30490141],[67.77475126],1,1,4,0
[58.80057372],[70.21154009],[71.25226507],0,3,1,1
[78.92201896],[79.64639663],[76.47450202],1,1,0,1
[85.52500474],[90.93836367],[85.60736398],1,2,1,1
[60.11428804],[60.77587903],[59.55191088],1,2,2,1
[61.90094149],[72.82860572],[72.85125081],0,1,3,1
[79.7248936],[91.89190557],[91.2851601],0,1,4,1
[80.94898037],[87.85166884],[88.85131655],0,1,0,1
[64.6222153],[67.60772592],[63.89539302],0,2,2,0
[72.87939137],[81.3788218],[76.83509175],1,2,0,0
[88.6817216],[96.46997927],[98.14541328],0,2,0,1
[61.58507466],[70.29823688],[69.36501463],0,0,2,1
[100.54486492],[97.83632247],[97.65059651],1,3,1,1
[55.45719191],[63.05210746],[62.5646844],0,1,4,1
[46.68984628],[53.04981754],[55.96064691],0,1,4,1
[74.33145644],[87.15311688],[86.98579855],0,1,2,0
[45.58379097],[53.1643187],[52.77468197],0,0,4,1
[42.08883439],[42.24073117],[38.25541951],1,0,5,0
[77.29673904],[86.58820108],[86.75387769],0,2,5,1
[44.65728337],[59.84268439],[57.38575656],0,2,4,0
[64.92585061],[80.31150667],[72.8594131],0,3,2,1
[48.77341875],[48.13716749],[45.44787338],1,2,2,1
[67.18432838],[73.47750283],[73.55263511],0,2,0,1
[80.70466995],[98.79023646],[97.19994494],0,3,1,1
[43.38342072],[36.89840866],[35.03980989],1,1,0,1
[81.31473556],[81.18410897],[78.22666023],1,3,2,0
[71.25018766],[70.10935239],[67.03026886],1,3,0,0
[61.10504429],[53.57056735],[51.57284647],1,2,1,1
[82.85120637],[73.59841767],[71.78920869],1,3,5,1
[58.14880539],[54.96685302],[52.64474978],1,4,0,0
[66.07761463],[78.81069683],[78.4508287],0,0,2,1
[56.34246231],[66.99761024],[67.23523014],0,0,1,1
[76.95719883],[83.27820011],[73.38249144],1,2,2,0
[59.27610964],[69.22076794],[68.12881272],0,2,2,1
[47.34572632],[49.20716303],[49.1479419],0,2,2,1
[80.47285516],[92.80470155],[94.02489979],0,3,2,1
[71.6667048],[64.19013462],[60.999345],1,4,2,0
[59.68740474],[57.85342022],[54.70645185],1,1,5,1
[59.21233725],[68.15333702],[67.38754396],0,1,1,0
[50.04608577],[61.53296319],[59.22996516],0,3,5,0
[42.32549533],[57.02523326],[47.01641375],0,3,4,0
[74.23815316],[84.11412061],[84.08916709],0,1,4,1
[75.78088295],[82.31831017],[79.7904563],1,2,0,0
[75.23852377],[81.04253326],[81.68750441],0,3,0,1
[43.59825245],[59.16564502],[57.37483002],0,0,3,0
[90.74962687],[99.78334042],[99.68465743],0,1,3,1
[80.27257643],[85.98107052],[86.48928964],0,1,1,1
[83.24719989],[77.28627097],[76.32686616],1,3,0,1
[67.27472107],[58.90406396],[56.70365454],1,2,2,1
[62.93965485],[75.99937199],[74.60581488],0,1,0,0
[62.33161538],[63.23361187],[59.90653916],1,1,5,1
[59.01334376],[60.84451317],[56.71184032],1,1,1,0
[54.24917316],[56.19234206],[52.65824018],1,2,2,0
[95.11920769],[99.95193141],[100.96667894],0,3,3,1
[77.37743491],[88.65746324],[85.19030847],0,3,3,1
[59.21867142],[60.25007799],[54.27862856],1,4,1,0
[62.17761986],[67.9890229],[68.04237343],0,2,4,1
[93.15045748],[82.73521139],[81.80392997],1,4,2,1
[68.17192886],[65.37578227],[64.01761673],1,2,0,1
[88.66939123],[85.41302977],[84.34986792],1,4,1,1
[74.02229339],[71.14403723],[69.33135207],1,2,2,1
[67.92240087],[67.02812859],[64.07872519],1,2,3,0
[54.93582844],[64.34172125],[61.33779346],0,2,2,1
[42.20048134],[49.49289145],[48.4060232],0,2,5,1
[60.14393758],[64.79051703],[60.67513356],1,2,4,0
[79.65522387],[77.31147435],[76.24176919],1,3,2,1
[69.48321042],[69.8559428],[68.27708691],1,3,4,1
[88.44160995],[86.92684591],[86.91268023],1,3,0,1
[36.78705867],[35.87827565],[40.1890397],0,1,2,0
[74.56921107],[74.4052],[74.2504482],1,1,2,1
[76.70933869],[72.38412899],[70.1637891],1,3,0,0
[86.38329023],[98.21144431],[93.85279731],0,2,5,1
[47.34216988],[45.38310664],[40.36556539],1,1,4,0
[52.54133321],[58.96045413],[58.53920407],0,1,0,1
[80.00475003],[80.25826383],[78.59319505],1,2,0,1
[60.73620574],[75.26731508],[69.91433636],0,3,5,1
[50.56400531],[68.69243494],[66.72417568],0,0,0,0
[79.75148369],[75.35343936],[73.58151819],1,3,2,1
[51.4361241],[48.39951761],[45.40290395],1,3,5,0
[82.15616739],[97.91017763],[88.65195309],0,2,2,1
[55.15403271],[66.84054643],[66.33734004],0,3,2,0
[87.51193812],[90.78858428],[98.37191261],0,2,0,1
[65.63227369],[76.02189288],[75.67211811],0,2,4,1
[69.85336536],[77.96989065],[78.0740542],0,1,5,1
[64.42351394],[71.28887006],[71.63878855],0,3,5,1
[71.5395648],[83.1840228],[84.28229705],0,2,4,1
[63.38462144],[63.39342863],[60.33159673],1,2,2,0
[56.19720144],[48.36359687],[52.34126233],1,1,2,1
[56.70690887],[49.70604909],[47.10549183],1,2,5,1
[48.40774054],[37.74417185],[40.98485339],1,4,2,1
[75.97369473],[84.2024366],[84.96380914],0,3,3,1
[35.68369579],[47.14402947],[44.9450806],0,2,5,0
[55.31876846],[69.5012354],[68.38750415],0,1,0,0
[63.04246123],[58.91436682],[57.40889278],1,1,3,1
[73.51445866],[68.27036722],[66.57977076],1,2,0,1
[64.20551857],[62.4721513],[60.29681218],1,4,0,0
[64.4283684],[75.14936782],[71.32960486],0,2,2,1
[66.90932795],[66.44290457],[73.51698498],0,2,4,1
[69.92565888],[61.91473892],[58.88070703],1,2,0,1
[54.92837744],[50.72572588],[47.95980841],1,3,0,0
[46.7024366],[50.54459883],[46.32846027],1,2,5,0
[84.7293737],[79.15585099],[77.26279667],1,3,5,1
[68.30363774],[68.36585693],[64.5969088],1,2,2,0
[71.49897543],[74.30585022],[71.09036899],1,2,0,0
[60.58489507],[56.65006287],[54.98976359],1,3,2,1
[50.3506603],[65.90920382],[63.46408012],0,1,4,0
[80.3923568],[72.71029102],[66.44830442],1,3,0,1
[54.27121096],[65.98933708],[65.67101371],0,1,4,0
[35.55347941],[32.1166456],[28.20859279],1,2,4,0
[93.67173317],[91.96062818],[90.98489539],1,1,1,1
[69.28946235],[81.89962962],[81.04399309],0,3,0,0
[85.35241381],[85.79267703],[87.32379565],0,4,2,1
[58.11129414],[56.33436638],[53.49678706],1,0,4,1
[95.69419893],[92.78081588],[91.15749487],1,3,4,1
[67.42491237],[63.73174847],[61.49612879],1,1,5,1
[54.34599431],[63.45020799],[62.93664734],0,2,5,1
[83.30885531],[73.54064646],[79.03617239],1,4,0,1
[74.60214234],[79.02146522],[75.38730284],1,2,4,0
[59.13229862],[71.40054422],[70.73861111],0,2,4,0
[40.92277768],[39.15610055],[34.8140124],1,2,5,0
[45.95160733],[40.8730597],[39.19356072],1,3,5,1
[80.54309984],[71.97439267],[70.94767921],1,3,2,1
[72.4583013],[71.16221176],[68.80741861],1,1,5,1
[66.85691749],[71.94905181],[72.22708135],0,0,2,1
[68.37781984],[65.28659407],[63.44650194],1,3,0,0
[89.67909711],[98.79023646],[99.90003225],0,3,1,1
[84.46323551],[85.23939703],[85.77884147],0,4,2,1
[80.82230109],[80.44327783],[78.30693889],1,4,4,0
[74.90558409],[67.55795058],[64.58399676],1,2,5,1
[55.02584369],[62.35567912],[61.6295108],0,1,2,1
[86.98496409],[82.1588361],[78.6583715],1,4,2,0
[46.2889332],[41.4127721],[38.89630531],1,2,0,0
[56.70998901],[60.96848898],[59.76597665],0,4,3,1
[60.75979918],[76.15544788],[73.15291092],0,2,5,1
[70.80325555],[64.3716228],[61.77712672],1,3,5,1
[75.85252579],[92.66553721],[89.88089118],0,1,4,1
[47.46699645],[44.26718597],[40.94710122],1,3,2,0
[50.79339538],[63.95545496],[61.87011051],0,0,5,0
[37.95346586],[46.06054381],[44.06992183],0,4,5,0
[46.66717496],[48.14234498],[43.57077057],1,1,4,0
[83.31194602],[92.25962834],[90.27971674],0,0,4,1
[47.25971232],[56.73665255],[55.9150277],0,1,5,1
[65.80336854],[64.45316079],[61.58585715],1,3,2,0
[61.21232016],[60.97657917],[57.63490564],1,3,2,0
[52.1372376],[48.66939743],[47.14929074],1,2,0,1
[84.53124931],[84.0838193],[83.37115532],1,3,1,1
[74.42620941],[67.98571658],[66.57251369],1,4,2,1
[60.90373631],[65.47985317],[61.37284823],1,1,4,0
[26.5209273],[37.85563905],[35.6540546],0,1,5,0
[87.50736069],[85.4372611],[82.52524962],1,4,4,0
[63.48554526],[70.4032384],[70.6150887],0,3,4,1
[96.50977913],[89.42312802],[88.45457044],1,4,0,1
[72.16745659],[70.49748519],[66.41157583],1,2,0,0
[48.39814836],[57.55600717],[55.19778428],0,1,5,0
[80.08434059],[88.66009719],[89.85719133],0,1,3,1
[90.37415501],[88.03418539],[86.99305093],1,2,0,1
[84.47014563],[78.46766596],[82.52900062],1,3,0,1
[61.76110271],[71.11305405],[70.66729996],0,1,2,1
[72.80467638],[72.74663711],[74.42834054],0,4,0,1
[56.7750089],[54.97079692],[46.41641636],1,1,4,1
[61.13807442],[65.92621905],[67.28428538],0,1,1,1
[81.73963133],[87.4784999],[87.32111654],0,3,4,1
[78.74067076],[94.09040672],[93.70189722],0,4,2,0
[82.05568861],[82.70573344],[79.76167839],1,2,0,0
[77.16427406],[72.83745721],[71.21850076],1,2,4,1
[37.26121663],[43.8571561],[41.96357069],0,2,2,0
[77.28954941],[88.58661839],[88.39359162],0,0,2,1
[95.88636159],[95.06948702],[93.32701703],1,2,1,1
[58.13574405],[65.14323877],[66.59720199],0,1,2,0
[75.53889047],[73.68778724],[71.30840913],1,2,4,1
[79.06697308],[91.16699323],[92.00119994],0,3,1,1
[69.49263122],[62.6085333],[61.1919048],1,4,2,1
[58.43844213],[59.87954916],[55.27007467],1,3,0,0
[90.69673382],[99.69904492],[100.20082696],0,0,3,1
[69.39802917],[79.88935001],[79.53411196],0,3,2,1
[82.45392141],[89.62989153],[90.91271351],0,3,3,1
[71.49514902],[63.34398776],[61.61509523],1,3,2,1
[61.24795769],[64.33521584],[61.33908725],1,3,2,0
[68.7657675],[85.19457697],[83.44463219],0,1,4,0
[58.3463765],[68.73662038],[67.22867508],0,1,2,0
[79.3427132],[72.45246559],[72.92304092],1,2,5,1
[59.51081967],[57.07120739],[54.41535972],1,2,3,1
[77.20803361],[89.26849735],[89.07633889],0,2,0,0
[66.80941051],[66.44834459],[74.69786511],0,2,5,1
[60.75130876],[53.33115571],[50.71464719],1,2,5,1
[54.48052245],[66.26419208],[64.89199681],0,1,2,0
[73.53124748],[82.81028331],[82.14878356],0,3,4,1
[47.7717521],[47.65443945],[43.22353106],1,0,4,0
[59.00756718],[62.29553344],[62.64457145],0,3,4,1
[73.06465074],[72.53484638],[68.86367586],1,1,5,0
[74.68684497],[84.74210278],[84.97997866],0,2,3,1
[70.53265771],[76.90796612],[77.77811087],0,2,0,1
[84.39821212],[81.46908547],[79.20479593],1,2,2,1
[68.36540514],[68.49008424],[64.9295589],1,0,4,0
[27.51260998],[36.78310289],[33.79404177],0,2,5,0
[42.58033595],[42.05778384],[38.23984214],1,2,2,0
[77.29654202],[70.96767488],[69.63426936],1,4,0,1
[49.56045593],[50.04395879],[45.80030757],1,2,3,0
[45.14152769],[49.57562048],[46.05073361],1,2,0,0
[89.25662323],[99.33253659],[100.0401776],0,0,1,1
[71.99794661],[79.98029997],[80.53272984],0,3,1,1
[76.06922168],[88.78493818],[90.31933605],0,3,1,1
[64.22884281],[62.34818963],[60.41108542],1,4,0,0
[71.11121696],[81.32251675],[82.76549573],0,0,0,1
[52.18762444],[54.97864488],[52.45062255],1,1,1,0
[72.84244401],[72.13916778],[70.52523894],1,3,5,1
[81.67770672],[88.50721656],[87.39350632],0,3,4,1
[64.28451657],[61.45241118],[59.64387315],1,3,2,1
[62.18621421],[61.77253866],[58.90679057],1,2,5,0
[67.16354565],[80.04591914],[79.70569909],0,2,3,0
[56.51811446],[66.85604461],[67.59102355],0,2,2,1
[67.50662091],[74.1523067],[74.10997083],0,3,4,1
[66.6916192],[69.50822579],[66.99666588],1,3,4,0
[90.38002368],[86.21122476],[85.07534368],1,4,1,1
[39.19320994],[49.22386673],[46.62978852],0,0,3,0
[81.65653249],[88.33306896],[86.19984985],1,3,0,0
[63.91941431],[61.5885368],[59.99292637],1,1,0,1
[57.43647507],[53.87785075],[51.1696532],1,2,4,1
[59.9299676],[55.36055865],[52.70185205],1,2,2,0
[87.59756442],[78.26234767],[83.16835583],1,3,2,1
[50.55662676],[63.15502137],[62.41637677],0,2,5,1
[78.83571531],[86.24524396],[89.49445959],0,1,4,1
[53.0458186],[49.55658142],[47.07224757],1,0,4,1
[72.01874246],[66.73512892],[64.28742146],1,2,2,1
[53.58834051],[52.2933591],[49.73510482],1,2,0,1
[58.94563022],[70.92190305],[70.2837989],0,3,0,0
[61.29905799],[68.53801677],[67.74959271],0,3,3,1
[69.00382686],[85.32255914],[83.94971701],0,2,3,0
[50.45988555],[57.18023137],[55.87004046],0,2,4,1
[40.96072512],[44.37916976],[50.58245047],0,2,5,1
[64.13200019],[62.96610652],[56.69196811],1,1,3,0
[67.04627607],[62.90980613],[61.77597145],1,3,0,1
[69.61380545],[64.16738613],[62.25547402],1,3,4,1
[92.72628553],[91.53174758],[89.59124654],1,3,4,1
[51.45888348],[59.21168183],[60.19526872],0,3,2,1
[89.52425141],[96.86757258],[100.14131898],0,2,0,1
[77.29654731],[75.19444169],[73.20892329],1,1,3,1
[64.07648694],[75.54395508],[75.15835429],0,3,5,1
[58.96026654],[72.79699258],[70.93972199],0,2,4,0
[72.21090209],[77.97218948],[84.09772099],0,2,5,1
[67.4309758],[66.3541578],[62.48259857],1,3,2,1
[69.92781666],[82.30332393],[78.93469899],0,1,3,1
[72.26688514],[65.26134445],[64.11647736],1,3,3,1
[78.73067724],[75.61646553],[73.21093738],1,2,2,1
[101.68086494],[99.18766463],[98.92611127],1,4,0,1
[88.18013673],[98.16131164],[92.09127323],0,0,1,1
[69.347391],[81.46085078],[80.24170776],0,2,0,0
[93.01101202],[84.54779307],[84.42407799],1,4,5,1
[36.7227921],[42.45277551],[41.37214833],0,4,2,0
[40.85683847],[42.03636168],[38.51030514],1,1,3,0
[50.89207517],[49.75575248],[46.9942495],1,2,4,1
[21.49918792],[36.39970012],[34.44217774],0,3,4,0
[83.46659999],[81.48432112],[79.28622327],1,0,3,1
[74.53853167],[80.10695893],[80.34105487],0,1,4,1
[73.19589516],[80.46688229],[80.18320957],0,1,5,1
[54.70737609],[68.05336429],[65.96853971],0,2,5,0
[68.24897238],[66.11981793],[64.9360809],1,0,2,1
[69.49870624],[70.4925524],[68.19256701],1,3,0,0
[95.38348654],[86.81183138],[85.89628385],1,4,4,1
[52.04171694],[48.91391706],[45.70554799],1,2,0,0
[67.10709639],[72.92233848],[72.28278207],0,4,0,0
[93.36277343],[95.50751936],[93.77634607],1,0,4,1
[87.33946254],[83.34792094],[82.82762307],1,3,3,1
[64.99003012],[74.94460299],[74.34595293],0,3,0,0
[71.49888107],[66.07112898],[63.34234473],1,2,5,1
[44.04908088],[54.94833872],[53.71468752],0,4,0,0
[63.5167935],[68.0224762],[68.01177522],0,2,0,1
[93.02862481],[87.8950514],[86.82451928],1,4,2,1
[55.05486705],[67.05694705],[68.250953],0,1,1,0
[85.96445809],[82.59983442],[80.82877175],1,0,2,1
[77.918023],[76.33874114],[75.79160781],1,0,0,1
[58.95969261],[56.51140575],[53.12198684],1,2,5,1
[74.63843202],[72.12656608],[70.56778742],1,3,4,1
[97.74318408],[94.25733416],[93.7669169],1,3,1,1
[87.98731034],[97.15975315],[98.337253],0,3,3,1
[59.62725243],[58.04087202],[54.52208739],1,2,5,0
[86.44317964],[97.44734266],[97.73914928],0,2,3,1
[80.29422125],[87.24733157],[88.34993426],0,3,5,1
[72.86594256],[82.4366133],[84.94010929],0,3,2,1
[95.67797774],[91.49164367],[90.46667872],1,2,1,1
[82.14562011],[86.45808987],[87.62000565],0,3,4,1
[84.98936721],[81.69115878],[80.75143871],1,2,1,1
[69.84803134],[67.95912896],[65.20027734],1,2,4,1
[66.7380661],[77.52653017],[76.85281823],0,4,2,0
[73.97715328],[73.56356304],[69.13615296],1,1,5,0
[67.31922767],[67.5698489],[59.8144985],1,2,1,1
[71.98974757],[79.52028032],[81.26335371],0,1,1,0
[60.46801623],[61.61577649],[57.98778649],1,1,3,0
[66.45951148],[58.99136782],[56.77841696],1,3,2,1
[47.31523617],[57.03553381],[56.0837777],0,1,2,0
[59.06158946],[49.61181622],[48.63494151],1,3,4,1
[71.40560099],[83.18035346],[82.62017745],0,4,2,0
[68.26129902],[59.91223778],[58.93728583],1,3,1,1
[71.48451395],[67.90693058],[66.03722228],1,2,1,1
[48.31689547],[58.11874768],[55.88579637],0,2,5,0
[50.66223824],[56.70600915],[56.70497131],0,1,2,1
[71.86409632],[67.30571125],[64.84051593],1,4,4,0
[53.96577314],[63.21418297],[63.18159695],0,2,1,1
[59.9321032],[53.70719404],[46.2860134],1,2,5,1
[62.69049646],[75.07325817],[73.17387676],0,0,4,0
[92.62510331],[85.14574152],[84.62904974],1,1,3,1
[56.43051151],[61.30892075],[60.99015559],0,1,0,1
[74.32789921],[79.21237398],[80.43608111],0,1,4,1
[78.22827143],[77.84725284],[73.59058881],1,0,4,1
[33.64797322],[29.13411675],[24.85788419],1,1,2,0
[71.49915128],[69.09009625],[65.55802995],1,4,0,0
[57.56503844],[73.75746537],[72.93041119],0,1,0,0
[60.02380849],[61.50886237],[62.23999622],0,1,0,1
[66.66820535],[79.66586031],[78.58634103],0,1,4,0
[53.07314511],[55.17872823],[51.12945552],1,1,2,0
[70.01977559],[70.01098945],[68.45516297],1,3,2,1
[47.13854593],[47.66886311],[45.20380715],1,4,4,0
[49.52392302],[51.65504421],[40.37604149],1,3,0,0
[84.68927124],[78.0232448],[77.46890049],1,4,0,1
[73.63395191],[85.65780728],[85.49614819],0,1,3,1
[68.08649153],[65.31673024],[62.73759406],1,2,2,0
[54.01130553],[67.85872095],[66.58486011],0,2,5,0
[74.49889168],[79.74605379],[81.31722991],0,4,4,1
[36.6000212],[36.92142555],[32.181197],1,2,5,0
[57.75382656],[53.0726269],[50.00534096],1,1,5,1
[58.73676377],[72.44338855],[64.15477807],0,4,2,0
[72.31801748],[76.44249785],[69.50375116],1,0,4,1
[60.7356444],[60.75321917],[57.63592921],1,3,2,0
[76.67687619],[72.08042451],[70.10404751],1,4,1,0
[75.08600292],[78.70154004],[76.7726863],1,1,0,1
[73.8456187],[80.39549725],[80.74420833],0,1,0,1
[68.29934765],[67.56805729],[64.10997061],1,2,2,1
[31.31569984],[45.19072451],[43.47145281],0,2,4,0
[76.67276722],[68.79363772],[67.6594242],1,3,4,1
[50.06064766],[61.93771818],[60.34526197],0,3,5,0
[51.67574836],[60.5001203],[59.32682711],0,0,0,1
[54.24367207],[64.59390978],[63.47531313],0,3,3,0
[59.65429561],[67.61599293],[67.36185186],0,2,4,1
[67.45430005],[67.42297607],[61.45586781],1,3,2,1
[60.69898963],[70.7312437],[69.2750512],0,1,4,0
[79.26249465],[71.64748102],[69.99263339],1,3,2,1
[73.31091544],[66.36852125],[66.53918131],1,4,2,0
[72.12201606],[68.39503227],[66.40654591],1,2,5,1
[76.21372135],[79.49188721],[80.26652605],0,1,0,1
[51.35402501],[58.1376958],[58.04125122],0,1,0,1
[57.47482842],[72.90355258],[71.71526981],0,2,4,0
[58.58041651],[55.54414291],[53.5851882],1,3,4,1
[66.31483717],[62.77223063],[61.13291355],1,2,0,1
[59.16016428],[63.39243063],[63.05739427],0,4,5,1
[64.15439151],[62.01174798],[59.11668896],1,4,2,0
[73.0821828],[70.87692723],[69.28395237],1,2,0,1
[65.03545254],[68.66462862],[65.28046129],1,2,1,0
[62.40206543],[57.13202117],[56.12288547],1,3,0,1
[66.75551538],[75.69068618],[76.44526023],0,2,3,1
[74.40504295],[84.50127163],[85.44598408],0,3,5,1
[49.96670862],[48.21248645],[44.96934608],1,4,0,0
[77.18908277],[78.12174286],[75.30551695],1,4,2,0
[60.98639295],[65.32018249],[62.67741431],1,3,0,0
[63.87379712],[65.9231412],[66.15424097],0,2,3,1
[85.16164956],[76.54929099],[74.55861506],1,3,5,1
[42.0660662],[50.55864032],[45.09915316],0,3,5,1
[42.36576884],[47.49360758],[45.98358985],0,1,2,1
[39.33258779],[36.42814949],[32.66373065],1,0,2,0
[62.03163242],[60.64121915],[57.56522803],1,3,1,0
[86.00625313],[79.99527775],[78.02413416],1,4,0,0
[67.41036109],[81.50492664],[74.78946882],0,3,4,1
[69.77444913],[84.25105607],[81.2754385],0,2,2,1
[72.79935394],[70.49748519],[67.5687561],1,2,0,0
[61.02034442],[71.53679956],[72.03645884],0,2,0,1
[60.55141102],[60.43451432],[56.32347425],1,0,4,0
[59.32828846],[66.49061175],[68.02887627],0,3,2,1
[56.34637021],[60.31020084],[62.70364126],0,1,4,1
[50.26157422],[43.35870648],[47.0205734],1,4,5,0
[55.44553586],[62.28658015],[62.6490243],0,3,5,1
[90.00503665],[88.23368542],[87.16059865],1,2,5,1
[78.21074142],[73.77731768],[73.6312317],1,3,1,1
[50.5532706],[61.08907634],[60.72962186],0,2,1,1
[67.60375968],[64.37047508],[64.17447152],1,1,0,1
[49.88562902],[58.68976136],[57.36657137],0,2,2,1
[83.20635092],[78.46766596],[78.21464007],1,3,0,1
[73.82397422],[74.12663557],[72.53553368],1,2,2,1
[65.40822823],[55.99198461],[53.86821819],1,4,1,0
[48.36110794],[58.40281189],[58.10710103],0,3,4,1
[87.2694898],[80.61739926],[84.43780201],1,3,3,1
[55.85793474],[56.4256274],[54.39228509],1,2,0,1
[86.97639548],[85.3248466],[83.69868754],1,1,3,1
[48.63294016],[46.27629532],[43.44728123],1,1,5,1
[61.55990849],[65.93739508],[67.05399805],0,3,5,1
[94.79477481],[85.45728469],[85.27920655],1,4,1,1
[83.34150955],[87.74111869],[89.07462005],0,4,1,1
[56.56074101],[71.86135491],[69.79465],0,0,5,0
[85.48908264],[98.62269999],[98.2877511],0,4,3,0
[39.25393772],[50.88363726],[48.52545131],0,1,5,0
[63.41138482],[56.76949682],[54.33716803],1,1,2,1
[86.85744819],[97.40115485],[97.5888343],0,3,5,1
[59.16026038],[50.45096407],[47.44319368],1,2,5,1
[75.2557793],[76.56939544],[77.24065395],0,4,0,1
[72.40363696],[69.32063886],[71.69097328],1,2,0,1
[48.14889061],[63.8803058],[63.27197655],0,1,5,1
[75.6586693],[73.55116054],[71.66660841],1,2,0,1
[27.60853146],[34.16579568],[32.7230151],0,1,4,0
[51.04788933],[68.15276262],[57.795888],0,2,5,0
[49.61372488],[48.68403543],[50.34387963],1,2,2,0
[56.0017048],[67.05694705],[66.3223192],0,1,1,0
[39.75141993],[50.64517443],[48.66850921],0,2,5,0
[59.49413452],[50.42096071],[48.37556322],1,2,4,1
[72.29831961],[76.1603969],[72.59317305],1,2,3,0
[55.7031821],[50.7116914],[47.8203996],1,0,5,1
[64.69189391],[72.33907837],[73.1799151],0,3,2,1
[77.27321778],[70.69404324],[69.56699745],1,4,0,1
[85.93963655],[78.74032785],[80.00907335],1,4,4,0
[77.94766624],[76.81853618],[74.47529199],1,0,4,1
[72.14059101],[78.58540395],[79.23087593],0,1,4,1
[68.97314573],[65.29550112],[60.71256699],1,3,4,1
[64.11250312],[55.98484618],[53.94418419],1,3,4,1
[83.95297634],[90.65932433],[91.03421076],0,2,0,1
[69.36484182],[65.18664228],[63.72771293],1,2,4,1
[53.27129394],[57.22462526],[57.64905752],0,0,0,1
[83.11034767],[80.21512447],[77.3227168],1,4,2,0
[69.1652017],[69.13988391],[66.55989855],1,2,2,1
[88.06903503],[91.05456555],[89.33132294],1,3,0,0
[31.22027959],[39.4410795],[38.08986016],0,2,5,0
[67.42744076],[79.64814446],[75.26170774],0,2,4,1
[64.84880176],[62.01389797],[60.05996467],1,0,4,1
